submission_id,problem_id,user_id,date,language,original_language,filename_ext,status,cpu_time,memory,code_size,accuracy
s337000720,p00553,u981139449,1574353701,Rust,Rust,rs,Accepted,0,5020,500,5/5
s346249083,p00553,u158856323,1562037125,Rust,Rust,rs,Accepted,0,5024,560,5/5
s981335837,p00553,u540218629,1483448943,JavaScript,JavaScript,js,Accepted,60,15704,288,5/5
s727801573,p00553,u100875060,1482878787,C#,C#,cs,Accepted,10,9196,617,5/5
s801274133,p00553,u571385309,1484133257,C#,C#,cs,Accepted,10,9060,619,5/5
s592192455,p00553,u412356196,1485576889,C#,C#,cs,Accepted,20,9112,618,5/5
s447146957,p00553,u682603602,1505901730,C#,C#,cs,Accepted,10,9116,475,5/5
s748673120,p00553,u368755238,1572247986,C#,C#,cs,Accepted,60,15868,1444,5/5
s094143390,p00553,u204409482,1565391143,C#,C#,cs,Accepted,40,17948,538,5/5
s050435949,p00553,u647823421,1548342246,C#,C#,cs,Accepted,40,15928,466,5/5
s640666407,p00553,u363036235,1544861321,C#,C#,cs,Accepted,60,17964,1620,5/5
s576803493,p00553,u917432951,1532329417,C#,C#,cs,Accepted,60,15940,656,5/5
s502300491,p00553,u306567747,1521267217,PHP,PHP,php,WA: Presentation Error,10,9208,296,0/5
s745279992,p00553,u306567747,1521267347,PHP,PHP,php,Accepted,10,9212,334,5/5
s774280123,p00553,u475394465,1484398481,Scala,Scala,scala,Accepted,230,43792,228,5/5
s898854074,p00553,u475394465,1484398906,Scala,Scala,scala,Accepted,220,43848,190,5/5
s073600154,p00553,u508732591,1487779210,Scala,Scala,scala,Accepted,230,43668,206,5/5
s332113088,p00553,u710136674,1495552010,Scala,Scala,scala,Accepted,240,44876,168,5/5
s188487745,p00553,u514597327,1536741843,Scala,Scala,scala,Accepted,220,43736,547,5/5
s967294600,p00553,u935042117,1531923366,Java,JAVA,java,Accepted,50,26124,450,5/5
s141112005,p00553,u935042117,1531923366,Java,JAVA,java,Accepted,50,26200,450,5/5
s522756531,p00553,u971645170,1534913813,Java,JAVA,java,Accepted,60,26228,470,5/5
s067845418,p00553,u965058513,1535081201,Java,JAVA,java,Accepted,50,26140,554,5/5
s197345285,p00553,u613260047,1541056505,Java,JAVA,java,Accepted,50,26164,524,5/5
s323945407,p00553,u950221358,1556174937,Java,JAVA,java,Accepted,60,26136,399,5/5
s081314907,p00553,u638296675,1556175737,Java,JAVA,java,Accepted,60,26164,418,5/5
s291976888,p00553,u759934006,1482436598,Java,JAVA,java,Accepted,50,24404,726,5/5
s496215438,p00553,u018134297,1495004318,Java,JAVA,java,Wrong Answer,50,25800,955,0/5
s472707185,p00553,u018134297,1495004420,Java,JAVA,java,Accepted,50,26292,893,5/5
s559693903,p00553,u722076734,1500378770,Java,JAVA,java,Accepted,50,26040,516,5/5
s464005679,p00553,u371199586,1501141675,Java,JAVA,java,Accepted,30,24156,1019,5/5
s180038929,p00553,u980650508,1512264745,Java,JAVA,java,Accepted,70,26236,359,5/5
s360126656,p00553,u413313314,1516952649,Java,JAVA,java,Accepted,40,24176,751,5/5
s457083009,p00553,u191801041,1521265768,Java,JAVA,java,Wrong Answer,60,26108,531,1/5
s277358394,p00553,u191801041,1521265816,Java,JAVA,java,Accepted,70,26288,531,5/5
s084098690,p00553,u195518036,1524040292,Java,JAVA,java,Accepted,70,26240,289,5/5
s584598955,p00553,u594816808,1526353097,Java,JAVA,java,Accepted,60,26292,486,5/5
s740105927,p00553,u592118612,1526977180,Java,JAVA,java,Accepted,70,26080,366,5/5
s727971688,p00553,u441981269,1588658456,Java,JAVA,java,Accepted,80,26560,1139,5/5
s194912990,p00553,u844423973,1564738408,Java,JAVA,java,Accepted,60,26248,512,5/5
s419484187,p00553,u507781558,1555631377,Java,JAVA,java,Accepted,30,24292,3830,5/5
s507310041,p00553,u874152376,1552535059,Java,JAVA,java,Accepted,50,26240,636,5/5
s481885907,p00553,u910780605,1550684697,Java,JAVA,java,Accepted,60,26356,293,5/5
s246791687,p00553,u069727578,1550075374,Java,JAVA,java,Accepted,30,24276,1510,5/5
s582865272,p00553,u419687760,1545183633,Java,JAVA,java,Accepted,50,26196,589,5/5
s487879623,p00553,u461653715,1543990397,Java,JAVA,java,Accepted,60,26060,393,5/5
s631676554,p00553,u833357551,1531980705,C,C,c,Accepted,0,2116,222,5/5
s338452184,p00553,u822467561,1540802214,C,C,c,Accepted,0,2100,210,5/5
s100303830,p00553,u822467561,1540802296,C,C,c,Accepted,0,2068,206,5/5
s397696040,p00553,u453670013,1540968211,C,C,c,WA: Presentation Error,0,2140,322,0/5
s926330064,p00553,u453670013,1540968223,C,C,c,WA: Presentation Error,0,2060,324,0/5
s298318959,p00553,u453670013,1540968231,C,C,c,Accepted,0,2060,326,5/5
s260822951,p00553,u453670013,1540968623,C,C,c,WA: Presentation Error,0,2052,283,0/5
s291963236,p00553,u453670013,1540968633,C,C,c,Accepted,0,2140,285,5/5
s315361279,p00553,u366726358,1540968803,C,C,c,Accepted,0,2140,248,5/5
s942145398,p00553,u428405749,1546227275,C,C,c,Accepted,0,2108,554,5/5
s133515501,p00553,u146556168,1556094843,C,C,c,Compile Error,0,0,273,0/5
s713347380,p00553,u146556168,1556094932,C,C,c,WA: Presentation Error,0,1928,271,0/5
s630532260,p00553,u146556168,1556095219,C,C,c,Accepted,0,1948,273,5/5
s807689912,p00553,u043263896,1556669171,C,C,c,Accepted,0,2044,312,5/5
s149205226,p00553,u559287836,1556755431,C,C,c,Accepted,0,1996,193,5/5
s723435180,p00553,u850274609,1482131708,C,C,c,Accepted,0,596,190,5/5
s436445411,p00553,u505651850,1482209100,C,C,c,Accepted,0,596,180,5/5
s663340473,p00553,u078042885,1482259881,C,C,c,Accepted,0,600,378,5/5
s973304017,p00553,u619785977,1482306532,C,C,c,Accepted,0,596,236,5/5
s633193320,p00553,u543521645,1482669065,C,C,c,Accepted,0,592,228,5/5
s287552812,p00553,u612181412,1483096953,C,C,c,Accepted,0,596,223,5/5
s661617100,p00553,u300645821,1483169171,C,C,c,Accepted,0,596,149,5/5
s394448124,p00553,u444407884,1485417598,C,C,c,Accepted,0,596,231,5/5
s678753577,p00553,u962560616,1493444699,C,C,c,Accepted,0,596,250,5/5
s519710587,p00553,u198236091,1493444916,C,C,c,Accepted,0,596,258,5/5
s588234307,p00553,u076398897,1493445065,C,C,c,Accepted,0,596,177,5/5
s082599839,p00553,u161441626,1493446888,C,C,c,WA: Presentation Error,0,596,330,0/5
s590630821,p00553,u161441626,1493447014,C,C,c,WA: Presentation Error,0,596,334,0/5
s969707389,p00553,u161441626,1493447043,C,C,c,WA: Presentation Error,0,596,334,0/5
s021085112,p00553,u161441626,1493447078,C,C,c,WA: Presentation Error,0,596,330,0/5
s139845196,p00553,u161441626,1493447151,C,C,c,Accepted,0,596,322,5/5
s947569685,p00553,u048361305,1502423412,C,C,c,Accepted,0,596,181,5/5
s122134388,p00553,u726704931,1504166915,C,C,c,Accepted,0,592,227,5/5
s859218174,p00553,u847467233,1504527770,C,C,c,Accepted,0,1788,327,5/5
s228804320,p00553,u499174489,1505292244,C,C,c,Wrong Answer,0,1788,280,1/5
s141348204,p00553,u499174489,1505293704,C,C,c,WA: Presentation Error,0,1764,445,1/5
s596727004,p00553,u353894954,1505378529,C,C,c,Accepted,0,1788,205,5/5
s549421373,p00553,u721046976,1506131186,C,C,c,Accepted,0,1772,232,5/5
s961168542,p00553,u472120989,1506131494,C,C,c,WA: Presentation Error,0,1760,345,0/5
s239595245,p00553,u472120989,1506132626,C,C,c,WA: Presentation Error,0,1824,278,0/5
s717078653,p00553,u472120989,1506133240,C,C,c,WA: Presentation Error,0,1716,278,0/5
s609028963,p00553,u472120989,1506133767,C,C,c,Accepted,0,1820,282,5/5
s336676651,p00553,u964212895,1506816717,C,C,c,Compile Error,0,0,253,0/5
s391802770,p00553,u872842604,1506816824,C,C,c,Accepted,0,1800,234,5/5
s270794278,p00553,u964212895,1506817014,C,C,c,Compile Error,0,0,276,0/5
s485130254,p00553,u962523689,1506817288,C,C,c,Accepted,0,1748,187,5/5
s510180669,p00553,u292129956,1506823583,C,C,c,WA: Presentation Error,0,1812,222,0/5
s676926545,p00553,u292129956,1506823632,C,C,c,Accepted,0,1808,224,5/5
s453804227,p00553,u787918376,1506825777,C,C,c,Accepted,0,1852,380,5/5
s193167066,p00553,u367470012,1506826915,C,C,c,Compile Error,0,0,318,0/5
s705130395,p00553,u472120989,1506832943,C,C,c,Accepted,0,1852,218,5/5
s999703839,p00553,u478260407,1508325754,C,C,c,Accepted,0,1780,237,5/5
s574603766,p00553,u020666671,1508405028,C,C,c,Wrong Answer,0,1772,276,1/5
s395948419,p00553,u020666671,1508405250,C,C,c,Accepted,0,1860,266,5/5
s581807449,p00553,u328199937,1508734852,C,C,c,Accepted,0,1860,243,5/5
s288134009,p00553,u411669512,1509371961,C,C,c,WA: Presentation Error,0,1764,182,0/5
s706402962,p00553,u411669512,1509372077,C,C,c,WA: Presentation Error,0,1812,182,0/5
s272978271,p00553,u411669512,1509372138,C,C,c,Accepted,0,1824,184,5/5
s134487442,p00553,u982447938,1519657330,C,C,c,Accepted,0,2044,316,5/5
s206274985,p00553,u679086106,1525768075,C,C,c,Wrong Answer,0,2024,311,0/5
s364788384,p00553,u935589944,1525768121,C,C,c,Accepted,0,2104,246,5/5
s099880859,p00553,u679086106,1525768175,C,C,c,Wrong Answer,0,2044,309,0/5
s800238596,p00553,u679086106,1525768217,C,C,c,Wrong Answer,0,1920,309,0/5
s079054259,p00553,u679086106,1525768322,C,C,c,Wrong Answer,0,2036,309,0/5
s260210589,p00553,u679086106,1525768476,C,C,c,Wrong Answer,0,2044,309,0/5
s662930368,p00553,u679086106,1525768812,C,C,c,Wrong Answer,0,2100,301,0/5
s685248838,p00553,u679086106,1525774947,C,C,c,Wrong Answer,0,1980,351,0/5
s396456045,p00553,u679086106,1525775244,C,C,c,Accepted,0,2100,354,5/5
s852081840,p00553,u996904300,1525852893,C,C,c,WA: Presentation Error,0,2032,346,0/5
s867822467,p00553,u996904300,1525852974,C,C,c,Accepted,0,2104,352,5/5
s013721279,p00553,u785468253,1525855054,C,C,c,Wrong Answer,0,2032,435,0/5
s041834189,p00553,u014812620,1525855683,C,C,c,Accepted,0,2104,294,5/5
s195445591,p00553,u521798769,1526268106,C,C,c,Accepted,0,2104,536,5/5
s734979068,p00553,u374434600,1529041159,C,C,c,Accepted,0,2064,287,5/5
s306896201,p00553,u485626876,1530605805,C,C,c,Accepted,0,2044,702,5/5
s295167347,p00553,u648926140,1597296470,C,C,c,Accepted,0,2120,490,5/5
s454087231,p00553,u015549180,1590973864,C,C,c,Accepted,0,2020,381,5/5
s614432671,p00553,u840839224,1587264489,C,C,c,Accepted,0,2044,357,5/5
s446339930,p00553,u380667812,1582856752,C,C,c,Accepted,0,2120,225,5/5
s533874373,p00553,u422689939,1581393120,C,C,c,Accepted,0,2076,292,5/5
s659097136,p00553,u999656669,1576760432,C,C,c,Accepted,0,2108,236,5/5
s255269264,p00553,u402265140,1575800679,C,C,c,Accepted,0,2104,538,5/5
s976670316,p00553,u040291437,1575260792,C,C,c,Accepted,0,2108,285,5/5
s863226089,p00553,u758353089,1572053308,C,C,c,Accepted,0,2080,290,5/5
s579001807,p00553,u251596477,1571973013,C,C,c,Accepted,0,2080,384,5/5
s790536311,p00553,u288941982,1570608601,C,C,c,Accepted,0,2036,324,5/5
s642760486,p00553,u732783072,1566274969,C,C,c,Accepted,0,2148,264,5/5
s257662203,p00553,u477275351,1566274224,C,C,c,Accepted,0,2148,270,5/5
s121757835,p00553,u274850886,1566273993,C,C,c,Accepted,0,2072,241,5/5
s862662182,p00553,u543147617,1563439413,C,C,c,Accepted,0,2108,191,5/5
s766215638,p00553,u562433173,1560759961,C,C,c,Accepted,0,2108,203,5/5
s825961805,p00553,u139202970,1558274463,C,C,c,Accepted,0,2100,289,5/5
s313042085,p00553,u801941228,1557733144,C,C,c,Accepted,0,2048,178,5/5
s412230396,p00553,u602702822,1557732470,C,C,c,Accepted,0,2032,205,5/5
s399344312,p00553,u326215022,1557731460,C,C,c,Accepted,0,2044,208,5/5
s038128538,p00553,u679086106,1555318622,C,C,c,Accepted,0,2060,141,5/5
s575691273,p00553,u663340356,1549529222,C,C,c,Accepted,0,2048,222,5/5
s730608846,p00553,u548513933,1547880715,C,C,c,Accepted,0,2108,183,5/5
s877553867,p00553,u907430566,1541834251,C,C,c,Accepted,0,1984,266,5/5
s684955049,p00553,u222399748,1541739450,C,C,c,Accepted,0,2108,180,5/5
s966393445,p00553,u491546615,1533703382,C,C,c,Accepted,0,2108,247,5/5
s100069823,p00553,u390505413,1533602203,C,C,c,Accepted,0,2056,201,5/5
s385348003,p00553,u133119785,1503733929,Haskell,Haskell,hs,Accepted,0,3652,158,5/5
s446995093,p00553,u052758509,1510474815,Haskell,Haskell,hs,Accepted,0,3620,432,5/5
s941197753,p00553,u758382323,1515255648,Haskell,Haskell,hs,Accepted,0,3640,2211,5/5
s358411621,p00553,u049242937,1530583585,Haskell,Haskell,hs,Accepted,0,3620,270,5/5
s374138776,p00553,u894340985,1546924230,Haskell,Haskell,hs,Accepted,0,3604,288,5/5
s653501171,p00553,u485618438,1530937554,C++,C++,cpp,Accepted,0,3096,251,5/5
s407952048,p00553,u864644066,1531181691,C++,C++,cpp,Accepted,0,2740,221,5/5
s806109331,p00553,u387501704,1531292395,C++,C++,cpp,Accepted,0,2684,268,5/5
s256815900,p00553,u907430566,1531384266,C++,C++,cpp,Wrong Answer,0,2684,347,0/5
s355611888,p00553,u084189402,1531454780,C++,C++,cpp,Accepted,0,2752,291,5/5
s197585817,p00553,u907430566,1531456532,C++,C++,cpp,Wrong Answer,0,2704,291,1/5
s573207785,p00553,u907430566,1531456610,C++,C++,cpp,Accepted,0,2752,289,5/5
s962342434,p00553,u758353089,1531465971,C++,C++,cpp,Accepted,0,2724,289,5/5
s940346208,p00553,u929568713,1531475056,C++,C++14,cpp,Accepted,0,3100,1501,5/5
s053833090,p00553,u542568508,1531701262,C++,C++14,cpp,Accepted,0,3088,346,5/5
s977044475,p00553,u374040976,1531888938,C++,C++,cpp,Accepted,0,3192,335,5/5
s504748427,p00553,u813675766,1535243665,C++,C++14,cpp,Accepted,0,3084,292,5/5
s499728291,p00553,u813675766,1535243803,C++,C++14,cpp,Accepted,0,3088,207,5/5
s860502963,p00553,u103383371,1535975853,C++,C++,cpp,Accepted,0,3188,386,5/5
s624889585,p00553,u819367040,1540278291,C++,C++,cpp,Accepted,0,3104,252,5/5
s221529573,p00553,u962186712,1540369122,C++,C++14,cpp,Accepted,0,3080,207,5/5
s004893308,p00553,u990692492,1540876507,C++,C++14,cpp,Accepted,0,3092,266,5/5
s727709079,p00553,u512236813,1545221268,C++,C++,cpp,Accepted,0,3104,247,5/5
s267956575,p00553,u465319012,1555683638,C++,C++14,cpp,Accepted,0,3080,341,5/5
s723872483,p00553,u199829264,1555829164,C++,C++,cpp,Accepted,0,3104,398,5/5
s573550902,p00553,u685501501,1556092256,C++,C++14,cpp,Accepted,0,3096,229,5/5
s953065797,p00553,u882191334,1559280753,C++,C++,cpp,Accepted,0,3072,298,5/5
s875772047,p00553,u909782545,1482126293,C++,C++,cpp,Accepted,0,3216,639,5/5
s048586390,p00553,u823513038,1482131946,C++,C++11,cpp,Accepted,0,3060,375,5/5
s290561562,p00553,u852311840,1482132985,C++,C++,cpp,Compile Error,0,0,24,0/5
s624195714,p00553,u697145890,1482134600,C++,C++,cpp,Accepted,0,2736,375,5/5
s052621806,p00553,u856394425,1482135431,C++,C++,cpp,Accepted,0,2704,229,5/5
s369343220,p00553,u852311840,1482135458,C++,C++,cpp,Accepted,0,3088,257,5/5
s810690597,p00553,u547616245,1482135955,C++,C++,cpp,Accepted,0,3108,264,5/5
s198321127,p00553,u220324665,1482136312,C++,C++14,cpp,Accepted,0,3108,374,5/5
s574551203,p00553,u881668270,1482136989,C++,C++11,cpp,Accepted,0,3096,436,5/5
s421170528,p00553,u796627333,1482141922,C++,C++14,cpp,Accepted,0,3088,253,5/5
s920160793,p00553,u095377734,1482152020,C++,C++11,cpp,Accepted,0,3080,187,5/5
s884684097,p00553,u113716229,1482160819,C++,C++11,cpp,Accepted,0,3084,744,5/5
s212645336,p00553,u642694278,1482162249,C++,C++,cpp,Accepted,0,3092,222,5/5
s874657971,p00553,u584110575,1482218103,C++,C++11,cpp,Accepted,0,3080,315,5/5
s491524433,p00553,u705334572,1482235639,C++,C++14,cpp,Accepted,0,3088,215,5/5
s606036180,p00553,u197007081,1482243320,C++,C++11,cpp,Accepted,0,3212,692,5/5
s855577756,p00553,u078042885,1482260727,C++,C++11,cpp,Accepted,0,3080,193,5/5
s513642854,p00553,u928678704,1482277862,C++,C++,cpp,Accepted,0,3252,358,5/5
s836132454,p00553,u891466855,1482278160,C++,C++,cpp,Compile Error,0,0,434,0/5
s574223324,p00553,u891466855,1482278203,C++,C++,cpp,Compile Error,0,0,328,0/5
s929453401,p00553,u891466855,1482280087,C++,C++,cpp,Compile Error,0,0,324,0/5
s275807786,p00553,u891466855,1482280121,C++,C++14,cpp,Accepted,0,3072,329,5/5
s846596646,p00553,u726778078,1482318799,C++,C++,cpp,Accepted,0,3092,219,5/5
s918561464,p00553,u741328636,1482476125,C++,C++,cpp,Accepted,0,3104,193,5/5
s429236968,p00553,u455494700,1482476157,C++,C++,cpp,Accepted,0,3092,193,5/5
s595872711,p00553,u923320778,1482697209,C++,C++,cpp,Accepted,0,3104,186,5/5
s496057239,p00553,u542962065,1482750111,C++,C++11,cpp,Accepted,0,3088,453,5/5
s299842615,p00553,u467175809,1482988672,C++,C++,cpp,Accepted,0,3068,386,5/5
s255713227,p00553,u988213374,1483024780,C++,C++,cpp,Accepted,0,3072,204,5/5
s509653089,p00553,u160041984,1483141810,C++,C++14,cpp,Accepted,0,3040,682,5/5
s951269286,p00553,u602903519,1483481449,C++,C++,cpp,Accepted,0,3052,286,5/5
s264064308,p00553,u584110575,1484021592,C++,C++11,cpp,Compile Error,0,0,110,0/5
s178462608,p00553,u584110575,1484021630,C++,C++11,cpp,Memory Limit Exceeded,100,393560,109,0/5
s143013458,p00553,u584110575,1484021689,C++,C++11,cpp,Wrong Answer,0,3080,99,0/5
s364663595,p00553,u584110575,1484021705,C++,C++11,cpp,Wrong Answer,0,3012,101,0/5
s631522500,p00553,u584110575,1484021727,C++,C++11,cpp,Wrong Answer,0,3000,102,0/5
s690080186,p00553,u186082958,1484102546,C++,C++14,cpp,Accepted,0,3084,286,5/5
s597290249,p00553,u924665348,1484131410,C++,C++,cpp,Accepted,0,3088,210,5/5
s900668540,p00553,u776402923,1484131593,C++,C++,cpp,Accepted,0,3088,199,5/5
s100342806,p00553,u962041986,1484133647,C++,C++,cpp,Accepted,0,3096,155,5/5
s316844906,p00553,u414351000,1484977083,C++,C++14,cpp,Accepted,0,3064,709,5/5
s159897581,p00553,u047399718,1484983936,C++,C++,cpp,Accepted,0,3040,298,5/5
s912730854,p00553,u327778409,1485016014,C++,C++,cpp,Accepted,0,3064,247,5/5
s745462042,p00553,u934026612,1485648143,C++,C++,cpp,Accepted,0,3084,163,5/5
s274089916,p00553,u613278035,1485669003,C++,C++,cpp,Accepted,0,3084,173,5/5
s607841045,p00553,u098161958,1486439613,C++,C++,cpp,Wrong Answer,0,3072,174,0/5
s003704638,p00553,u098161958,1486439643,C++,C++,cpp,Accepted,0,3092,174,5/5
s678106953,p00553,u655168177,1487282558,C++,C++,cpp,Accepted,0,2672,340,5/5
s689593592,p00553,u927516039,1488310758,C++,C++14,cpp,Accepted,0,3088,730,5/5
s263323178,p00553,u567478557,1488706503,C++,C++,cpp,Accepted,0,3144,1772,5/5
s728192894,p00553,u214404619,1489500467,C++,C++,cpp,Accepted,0,3080,288,5/5
s670422720,p00553,u354244251,1490151328,C++,C++,cpp,Accepted,0,3028,326,5/5
s878110271,p00553,u274552558,1490272008,C++,C++,cpp,Accepted,0,3132,509,5/5
s195524117,p00553,u481307862,1491164367,C++,C++,cpp,Accepted,0,3044,621,5/5
s980536422,p00553,u327125861,1495366848,C++,C++,cpp,Accepted,0,3056,239,5/5
s621602376,p00553,u304898265,1495789133,C++,C++,cpp,Accepted,0,3048,402,5/5
s981246624,p00553,u231562319,1496423688,C++,C++11,cpp,Accepted,0,3060,721,5/5
s591185460,p00553,u278285028,1496649678,C++,C++,cpp,Accepted,0,3096,283,5/5
s508627683,p00553,u745360181,1497512930,C++,C++11,cpp,Accepted,0,3072,267,5/5
s254437909,p00553,u893008057,1497944934,C++,C++14,cpp,Wrong Answer,0,3072,275,0/5
s311120581,p00553,u893008057,1497945355,C++,C++14,cpp,Accepted,0,3068,338,5/5
s804036457,p00553,u991537731,1498631281,C++,C++14,cpp,Accepted,0,3092,479,5/5
s531484779,p00553,u700120734,1499775718,C++,C++,cpp,Accepted,0,2996,638,5/5
s328842618,p00553,u528767280,1500483719,C++,C++,cpp,Accepted,0,3088,782,5/5
s120309974,p00553,u328425452,1501201716,C++,C++,cpp,Accepted,0,3068,206,5/5
s420237936,p00553,u726704931,1504166827,C++,C++,cpp,Wrong Answer,0,2596,223,1/5
s822349099,p00553,u726704931,1504166873,C++,C++,cpp,Accepted,0,2668,227,5/5
s404780935,p00553,u726704931,1504166929,C++,C++11,cpp,Accepted,0,2680,227,5/5
s134786506,p00553,u726704931,1504167026,C++,C++14,cpp,Accepted,0,2712,227,5/5
s628825175,p00553,u513206778,1504773301,C++,C++,cpp,Accepted,0,2604,266,5/5
s298343202,p00553,u640503906,1504935918,C++,C++,cpp,Wrong Answer,0,3120,511,1/5
s783293474,p00553,u640503906,1504945323,C++,C++,cpp,Accepted,0,3088,507,5/5
s752996178,p00553,u499174489,1505293315,C++,C++,cpp,Wrong Answer,0,2664,451,1/5
s140555807,p00553,u670984940,1505628140,C++,C++,cpp,Accepted,0,3108,498,5/5
s474539200,p00553,u105296105,1505980857,C++,C++,cpp,Wrong Answer,0,3048,189,0/5
s622900931,p00553,u105296105,1505980918,C++,C++,cpp,Wrong Answer,0,3060,188,0/5
s497327709,p00553,u105296105,1505981082,C++,C++,cpp,Wrong Answer,0,3068,188,0/5
s018155849,p00553,u105296105,1505981108,C++,C++,cpp,Accepted,0,3084,197,5/5
s787705215,p00553,u360619855,1506224160,C++,C++,cpp,Accepted,0,3056,412,5/5
s304171978,p00553,u492505102,1506337472,C++,C++14,cpp,Accepted,0,3076,341,5/5
s672508020,p00553,u691023889,1506486384,C++,C++,cpp,Accepted,0,2704,233,5/5
s051642814,p00553,u964212895,1506817455,C++,C++,cpp,Accepted,0,3220,278,5/5
s163748154,p00553,u315618053,1506821069,C++,C++,cpp,Accepted,0,3112,177,5/5
s124046887,p00553,u214033204,1506822591,C++,C++,cpp,Accepted,0,2720,192,5/5
s009943908,p00553,u192534471,1506823223,C++,C++,cpp,Compile Error,0,0,525,0/5
s093816734,p00553,u192534471,1506823675,C++,C++,cpp,Compile Error,0,0,587,0/5
s976351641,p00553,u192534471,1506824031,C++,C++,cpp,Compile Error,210,0,588,0/5
s493748640,p00553,u192534471,1506824103,C++,C++,cpp,Compile Error,0,0,1058,0/5
s292314317,p00553,u192534471,1506824178,C++,C++,cpp,Accepted,0,3112,469,5/5
s290591250,p00553,u367470012,1506826934,C++,C++,cpp,Accepted,0,3196,318,5/5
s082707976,p00553,u721001324,1506828806,C++,C++,cpp,Accepted,0,3112,181,5/5
s495488328,p00553,u670984940,1506934304,C++,C++,cpp,Accepted,0,3076,567,5/5
s482182447,p00553,u386343275,1507100078,C++,C++,cpp,Accepted,0,3220,246,5/5
s169720933,p00553,u253376705,1507962738,C++,C++,cpp,Wrong Answer,0,2564,196,0/5
s471671259,p00553,u253376705,1507962765,C++,C++,cpp,Accepted,0,2660,192,5/5
s075777376,p00553,u933965697,1508237388,C++,C++,cpp,Accepted,0,3076,844,5/5
s116234389,p00553,u376086644,1508400819,C++,C++,cpp,Accepted,0,2724,199,5/5
s939125602,p00553,u032214208,1508467610,C++,C++,cpp,Accepted,0,3100,313,5/5
s968404215,p00553,u963089986,1508647479,C++,C++,cpp,Accepted,0,3072,310,5/5
s827150196,p00553,u707590651,1508917827,C++,C++,cpp,Wrong Answer,0,2580,184,0/5
s355098542,p00553,u707590651,1508918084,C++,C++,cpp,Accepted,0,2752,186,5/5
s784996390,p00553,u499174489,1509770713,C++,C++,cpp,Compile Error,40,0,361,0/5
s810041614,p00553,u499174489,1509771034,C++,C++,cpp,Compile Error,0,0,370,0/5
s170338880,p00553,u499174489,1509774127,C++,C++,cpp,Wrong Answer,0,2956,395,0/5
s085176421,p00553,u499174489,1509774236,C++,C++,cpp,Accepted,0,3080,390,5/5
s880870907,p00553,u192534471,1509839257,C++,C++,cpp,Accepted,0,3084,324,5/5
s345075040,p00553,u808366051,1509952951,C++,C++,cpp,Accepted,0,3096,179,5/5
s741152388,p00553,u017545322,1509954380,C++,C++,cpp,Accepted,0,3084,497,5/5
s244277455,p00553,u490319842,1510042004,C++,C++,cpp,Accepted,0,3080,515,5/5
s179855796,p00553,u216888865,1510071244,C++,C++,cpp,Accepted,0,2756,312,5/5
s505792609,p00553,u707590651,1510123620,C++,C++,cpp,Accepted,0,2684,186,5/5
s420162768,p00553,u819367040,1510267667,C++,C++,cpp,Accepted,0,3084,312,5/5
s730006655,p00553,u582778522,1510423062,C++,C++,cpp,Accepted,0,3096,423,5/5
s947301699,p00553,u707590651,1511056096,C++,C++,cpp,Accepted,0,2696,186,5/5
s915790872,p00553,u528665537,1511090130,C++,C++,cpp,Accepted,0,3088,601,5/5
s485990872,p00553,u554688210,1511338716,C++,C++,cpp,Accepted,0,3088,241,5/5
s350707144,p00553,u145151732,1511494984,C++,C++,cpp,Accepted,0,3088,333,5/5
s993547601,p00553,u884304694,1511766424,C++,C++,cpp,Wrong Answer,0,3028,337,0/5
s449737661,p00553,u884304694,1511766730,C++,C++,cpp,Accepted,0,3084,339,5/5
s212050205,p00553,u669006075,1511768104,C++,C++,cpp,Accepted,0,3088,323,5/5
s263784368,p00553,u934026612,1511768727,C++,C++,cpp,Accepted,0,3084,203,5/5
s694358786,p00553,u615852561,1511770731,C++,C++,cpp,Wrong Answer,0,2992,287,0/5
s890652568,p00553,u615852561,1511770797,C++,C++,cpp,Wrong Answer,0,3068,282,1/5
s984405889,p00553,u615852561,1511770881,C++,C++,cpp,Wrong Answer,0,3068,283,1/5
s255476334,p00553,u615852561,1511771129,C++,C++,cpp,Compile Error,760,0,506,0/5
s473543087,p00553,u615852561,1511771165,C++,C++,cpp,Wrong Answer,0,3092,503,1/5
s504025113,p00553,u615852561,1511771263,C++,C++,cpp,Accepted,0,3076,509,5/5
s788099339,p00553,u032214208,1512138067,C++,C++,cpp,Accepted,0,2728,330,5/5
s135167254,p00553,u489432693,1512803403,C++,C++,cpp,Accepted,0,3076,222,5/5
s152850229,p00553,u670984940,1512819364,C++,C++,cpp,Accepted,0,3092,586,5/5
s480104599,p00553,u151542485,1512823274,C++,C++,cpp,Accepted,0,2680,1702,5/5
s565152115,p00553,u096656118,1512827293,C++,C++,cpp,Accepted,0,3100,417,5/5
s361618123,p00553,u088913930,1512872451,C++,C++,cpp,Accepted,0,3084,232,5/5
s235695881,p00553,u881891940,1513680464,C++,C++,cpp,Accepted,0,3100,175,5/5
s250740541,p00553,u545827064,1514008512,C++,C++,cpp,Accepted,0,3092,280,5/5
s604556989,p00553,u586448184,1514183158,C++,C++,cpp,Wrong Answer,0,3088,309,0/5
s086971433,p00553,u586448184,1514183250,C++,C++,cpp,Accepted,0,3080,333,5/5
s926005076,p00553,u018085514,1514593237,C++,C++14,cpp,Accepted,0,3096,1144,5/5
s046731934,p00553,u316565341,1514628646,C++,C++,cpp,Wrong Answer,0,3004,683,1/5
s903605112,p00553,u746860079,1515309348,C++,C++,cpp,Accepted,0,3088,473,5/5
s628277738,p00553,u182731991,1515928986,C++,C++,cpp,Accepted,0,3088,458,5/5
s251805638,p00553,u899346616,1516879799,C++,C++,cpp,Accepted,0,3112,242,5/5
s465448795,p00553,u568216192,1517161709,C++,C++,cpp,Accepted,0,3096,272,5/5
s057862067,p00553,u604920879,1518605830,C++,C++,cpp,Accepted,0,3104,210,5/5
s914932444,p00553,u485741946,1519028637,C++,C++,cpp,Accepted,0,3064,227,5/5
s204439823,p00553,u505990483,1519826656,C++,C++,cpp,Accepted,0,3080,223,5/5
s290319510,p00553,u428870975,1520591308,C++,C++,cpp,Wrong Answer,0,2684,203,1/5
s282462985,p00553,u428870975,1520591357,C++,C++,cpp,Accepted,0,2688,199,5/5
s044308471,p00553,u268155858,1520602608,C++,C++11,cpp,Accepted,0,3100,354,5/5
s405187712,p00553,u197853378,1521181269,C++,C++,cpp,Wrong Answer,0,3096,224,1/5
s309271005,p00553,u197853378,1521181299,C++,C++,cpp,Accepted,0,3084,224,5/5
s354056564,p00553,u949389125,1521523310,C++,C++,cpp,Accepted,0,3064,472,5/5
s449776705,p00553,u788273968,1521794850,C++,C++14,cpp,Accepted,0,3168,622,5/5
s327367213,p00553,u067723511,1521949671,C++,C++,cpp,Accepted,0,3032,301,5/5
s568247931,p00553,u646461156,1522110428,C++,C++14,cpp,Accepted,0,3152,694,5/5
s999277248,p00553,u527286045,1522425715,C++,C++14,cpp,Accepted,0,3092,201,5/5
s211739092,p00553,u608725998,1524890696,C++,C++,cpp,Accepted,0,3080,179,5/5
s613573307,p00553,u943155333,1524890860,C++,C++,cpp,Accepted,0,3068,266,5/5
s779366959,p00553,u354867116,1524891044,C++,C++,cpp,Accepted,0,3080,289,5/5
s740712316,p00553,u340914015,1524891104,C++,C++,cpp,Accepted,0,3080,232,5/5
s606149539,p00553,u575569688,1524891201,C++,C++14,cpp,Accepted,0,3096,313,5/5
s851092088,p00553,u962560616,1524891231,C++,C++14,cpp,Accepted,0,3092,507,5/5
s097890730,p00553,u175705399,1524891298,C++,C++14,cpp,Accepted,0,3120,205,5/5
s624049856,p00553,u482694765,1524891350,C++,C++14,cpp,Wrong Answer,0,3092,230,1/5
s786853170,p00553,u596993252,1524891494,C++,C++14,cpp,Wrong Answer,0,3096,247,1/5
s136175497,p00553,u482694765,1524891831,C++,C++14,cpp,Accepted,0,3092,370,5/5
s321127694,p00553,u596993252,1524892011,C++,C++14,cpp,Accepted,0,3096,242,5/5
s218993779,p00553,u634420505,1524892272,C++,C++14,cpp,Accepted,0,3120,342,5/5
s492962231,p00553,u692127517,1524892697,C++,C++14,cpp,Accepted,0,3092,222,5/5
s529952164,p00553,u851121794,1524893027,C++,C++14,cpp,Accepted,0,3120,309,5/5
s074131687,p00553,u435118890,1524893406,C++,C++,cpp,Accepted,0,3080,213,5/5
s160038915,p00553,u570452974,1524893570,C++,C++14,cpp,Accepted,0,3100,263,5/5
s141927728,p00553,u414147590,1524894563,C++,C++14,cpp,Accepted,0,3096,305,5/5
s309177144,p00553,u826160136,1524894724,C++,C++,cpp,Accepted,0,3080,167,5/5
s226750939,p00553,u600726497,1524896372,C++,C++14,cpp,Wrong Answer,0,3016,485,0/5
s375001825,p00553,u877529639,1524897619,C++,C++14,cpp,Accepted,0,3096,280,5/5
s903262046,p00553,u960552158,1524898129,C++,C++14,cpp,Wrong Answer,0,3052,196,0/5
s898037193,p00553,u960552158,1524898398,C++,C++14,cpp,Accepted,0,3076,200,5/5
s830182462,p00553,u650250261,1524898924,C++,C++,cpp,Wrong Answer,0,3036,194,0/5
s596517307,p00553,u214286047,1524991999,C++,C++14,cpp,Accepted,0,3116,621,5/5
s591131008,p00553,u710298092,1525785320,C++,C++14,cpp,Wrong Answer,0,3076,154,1/5
s582930466,p00553,u710298092,1525785750,C++,C++,cpp,Wrong Answer,0,3080,177,1/5
s701894701,p00553,u710298092,1525785872,C++,C++,cpp,Accepted,0,3080,183,5/5
s442455938,p00553,u962186712,1525851945,C++,C++14,cpp,Accepted,0,3080,252,5/5
s078019628,p00553,u962186712,1525851946,C++,C++14,cpp,Accepted,0,3088,238,5/5
s311400530,p00553,u399190844,1526908211,C++,C++14,cpp,Accepted,0,3084,214,5/5
s953674425,p00553,u227853710,1526950638,C++,C++14,cpp,Accepted,0,3092,234,5/5
s601879471,p00553,u801823223,1526990000,C++,C++,cpp,Wrong Answer,0,2972,288,0/5
s380190403,p00553,u801823223,1526990090,C++,C++,cpp,Accepted,0,3096,289,5/5
s948174228,p00553,u620371643,1527758510,C++,C++14,cpp,Accepted,0,3092,1242,5/5
s413427273,p00553,u998437062,1527758732,C++,C++14,cpp,Accepted,0,3088,218,5/5
s367301570,p00553,u108432367,1527759211,C++,C++,cpp,Accepted,0,3120,261,5/5
s985645955,p00553,u967947219,1527927706,C++,C++,cpp,Accepted,0,3096,218,5/5
s481815970,p00553,u173380514,1528514318,C++,C++,cpp,Accepted,0,3112,234,5/5
s646063844,p00553,u690299834,1528616150,C++,C++,cpp,Accepted,0,3124,636,5/5
s324098322,p00553,u001068672,1528722654,C++,C++,cpp,Accepted,0,3112,840,5/5
s402739018,p00553,u449960815,1528774820,C++,C++14,cpp,Accepted,0,3080,2220,5/5
s307694861,p00553,u717810231,1529167270,C++,C++14,cpp,Accepted,0,3084,296,5/5
s125203346,p00553,u070640908,1530689761,C++,C++14,cpp,Accepted,0,3104,296,5/5
s330119489,p00553,u411284533,1597914806,C++,C++,cpp,Accepted,0,3184,437,5/5
s162553465,p00553,u135612898,1596633462,C++,C++14,cpp,Accepted,0,3092,175,5/5
s162338201,p00553,u902207865,1595731277,C++,C++,cpp,Accepted,0,3108,269,5/5
s262510887,p00553,u814512967,1595561596,C++,C++14,cpp,Accepted,0,3044,310,5/5
s801185104,p00553,u598281803,1595038636,C++,C++14,cpp,Accepted,0,3084,238,5/5
s362972730,p00553,u478508721,1594202260,C++,C++,cpp,Accepted,0,3084,272,5/5
s359916257,p00553,u478127035,1593077267,C++,C++,cpp,Accepted,0,3084,267,5/5
s631652665,p00553,u766298320,1591787802,C++,C++,cpp,Accepted,0,3200,735,5/5
s560279895,p00553,u584163178,1591496291,C++,C++14,cpp,Accepted,0,3088,323,5/5
s913166130,p00553,u316127028,1590929550,C++,C++,cpp,Accepted,0,3100,382,5/5
s819009896,p00553,u085485681,1590110345,C++,C++,cpp,Accepted,0,2736,256,5/5
s310804151,p00553,u696728717,1588828072,C++,C++,cpp,Accepted,0,3088,366,5/5
s897571032,p00553,u645000053,1588575714,C++,C++14,cpp,Accepted,0,3136,1026,5/5
s475854328,p00553,u135443686,1588042871,C++,C++,cpp,Accepted,0,3100,307,5/5
s772541486,p00553,u296905671,1586237125,C++,C++14,cpp,Accepted,0,3184,733,5/5
s980191456,p00553,u592742011,1584361656,C++,C++11,cpp,Accepted,0,3092,369,5/5
s445820908,p00553,u182576515,1584115068,C++,C++,cpp,Accepted,0,3088,220,5/5
s593419356,p00553,u271776897,1583934957,C++,C++,cpp,Accepted,0,3076,374,5/5
s781929774,p00553,u917296343,1582909750,C++,C++14,cpp,Accepted,0,3108,971,5/5
s727631787,p00553,u980149431,1582453208,C++,C++14,cpp,Accepted,0,3092,336,5/5
s564733971,p00553,u273039798,1582345104,C++,C++14,cpp,Accepted,0,3084,6038,5/5
s266062368,p00553,u676399799,1581847963,C++,C++14,cpp,Accepted,0,2700,2918,5/5
s389858575,p00553,u467842505,1581179408,C++,C++14,cpp,Accepted,0,3100,376,5/5
s203623645,p00553,u706988670,1580137633,C++,C++,cpp,Accepted,0,3212,484,5/5
s566448536,p00553,u023471147,1580020547,C++,C++14,cpp,Accepted,0,3128,508,5/5
s254108578,p00553,u997768482,1579248183,C++,C++14,cpp,Accepted,0,3092,371,5/5
s130155530,p00553,u851950016,1575606705,C++,C++11,cpp,Accepted,0,3084,213,5/5
s912708966,p00553,u027769579,1574516125,C++,C++,cpp,Accepted,0,3116,361,5/5
s054315013,p00553,u917646831,1573708536,C++,C++,cpp,Accepted,0,3116,519,5/5
s388080659,p00553,u352407731,1573171989,C++,C++14,cpp,Accepted,0,3100,585,5/5
s365735465,p00553,u405635121,1572891101,C++,C++14,cpp,Accepted,0,3156,424,5/5
s036906390,p00553,u581060391,1572842114,C++,C++,cpp,Accepted,0,3092,200,5/5
s087190492,p00553,u471940450,1572422949,C++,C++,cpp,Accepted,0,3108,290,5/5
s140606786,p00553,u203696234,1572066012,C++,C++,cpp,Accepted,0,3100,477,5/5
s238296074,p00553,u128808587,1571839406,C++,C++,cpp,Accepted,0,3100,616,5/5
s455432449,p00553,u223841545,1571297863,C++,C++14,cpp,Accepted,0,3084,246,5/5
s987734636,p00553,u396070989,1570690385,C++,C++,cpp,Accepted,0,2760,193,5/5
s812149251,p00553,u811634253,1570464407,C++,C++,cpp,Accepted,0,3100,410,5/5
s528156408,p00553,u833274229,1569394530,C++,C++,cpp,Accepted,0,3076,264,5/5
s281581656,p00553,u280739907,1569394483,C++,C++,cpp,Accepted,0,2708,238,5/5
s353907100,p00553,u796197826,1569229253,C++,C++14,cpp,Accepted,0,3092,1144,5/5
s415328959,p00553,u030949261,1569215326,C++,C++,cpp,Accepted,0,3080,190,5/5
s499211500,p00553,u286275266,1568964626,C++,C++,cpp,Accepted,0,3120,185,5/5
s505903606,p00553,u371539389,1567507201,C++,C++,cpp,Accepted,0,3096,200,5/5
s857820834,p00553,u465410149,1567347929,C++,C++14,cpp,Accepted,0,3092,201,5/5
s783972964,p00553,u079588106,1567045080,C++,C++14,cpp,Accepted,0,3172,536,5/5
s320058180,p00553,u707011701,1566884877,C++,C++14,cpp,Accepted,0,3156,733,5/5
s161867271,p00553,u562433173,1566274011,C++,C++,cpp,Accepted,0,2760,219,5/5
s265170851,p00553,u224080034,1565658309,C++,C++,cpp,Accepted,0,3104,269,5/5
s986848622,p00553,u881818567,1564453705,C++,C++14,cpp,Accepted,0,3088,146,5/5
s900178746,p00553,u621234548,1564306023,C++,C++14,cpp,Accepted,0,2536,2087,5/5
s200269101,p00553,u641605296,1564225150,C++,C++,cpp,Accepted,0,3084,322,5/5
s049665988,p00553,u701703718,1564205535,C++,C++,cpp,Accepted,0,3112,292,5/5
s537807711,p00553,u722080455,1564201541,C++,C++14,cpp,Accepted,0,3100,248,5/5
s951892782,p00553,u199829264,1563955954,C++,C++,cpp,Accepted,0,3164,593,5/5
s069049036,p00553,u742219067,1563552620,C++,C++14,cpp,Accepted,0,3076,737,5/5
s767381104,p00553,u611983323,1563513767,C++,C++,cpp,Accepted,0,3096,206,5/5
s793672511,p00553,u350729621,1562693232,C++,C++,cpp,Accepted,0,3100,376,5/5
s947826749,p00553,u350729621,1562693212,C++,C++14,cpp,Accepted,0,3120,376,5/5
s410368944,p00553,u583329397,1562681894,C++,C++14,cpp,Accepted,0,3080,340,5/5
s996914092,p00553,u240091169,1562650464,C++,C++14,cpp,Accepted,0,3076,293,5/5
s159902280,p00553,u624454021,1562645184,C++,C++14,cpp,Accepted,0,3084,2782,5/5
s796612565,p00553,u027332382,1562635674,C++,C++14,cpp,Accepted,0,3060,218,5/5
s141685465,p00553,u837822011,1562635402,C++,C++14,cpp,Accepted,0,3080,183,5/5
s908742953,p00553,u102487818,1562635393,C++,C++,cpp,Accepted,0,3088,326,5/5
s145042777,p00553,u577978368,1562635339,C++,C++,cpp,Accepted,0,3108,326,5/5
s187447328,p00553,u253463111,1562635204,C++,C++,cpp,Accepted,0,3096,225,5/5
s014198054,p00553,u538890022,1562634547,C++,C++14,cpp,Accepted,0,3032,217,5/5
s592328000,p00553,u709677470,1562634276,C++,C++14,cpp,Accepted,0,3052,298,5/5
s283330921,p00553,u517335433,1562634245,C++,C++14,cpp,Accepted,0,3032,351,5/5
s344372162,p00553,u919773430,1562634161,C++,C++14,cpp,Accepted,0,3056,321,5/5
s748981537,p00553,u034153923,1562634092,C++,C++14,cpp,Accepted,0,3052,533,5/5
s854076604,p00553,u828589842,1562634078,C++,C++14,cpp,Accepted,0,3016,303,5/5
s600284079,p00553,u395654950,1562633970,C++,C++14,cpp,Accepted,0,3084,534,5/5
s547435560,p00553,u760927027,1562633892,C++,C++,cpp,Accepted,0,3080,222,5/5
s996538434,p00553,u719718284,1562633839,C++,C++14,cpp,Accepted,0,3052,330,5/5
s419909456,p00553,u058964425,1562633829,C++,C++14,cpp,Accepted,0,3084,362,5/5
s455698016,p00553,u638324585,1562633799,C++,C++,cpp,Accepted,0,3096,371,5/5
s041070047,p00553,u234360241,1562633656,C++,C++14,cpp,Accepted,0,3056,232,5/5
s877627226,p00553,u596129030,1562633526,C++,C++14,cpp,Accepted,0,3060,213,5/5
s765769915,p00553,u015712946,1562633499,C++,C++14,cpp,Accepted,0,3084,361,5/5
s651069360,p00553,u140569607,1562633378,C++,C++14,cpp,Accepted,0,3080,346,5/5
s262995647,p00553,u519248451,1562633235,C++,C++14,cpp,Accepted,0,3084,376,5/5
s781698093,p00553,u371026526,1562633206,C++,C++,cpp,Accepted,0,3096,278,5/5
s146313810,p00553,u931484744,1562632883,C++,C++14,cpp,Accepted,0,3084,319,5/5
s473978279,p00553,u876209260,1561706794,C++,C++14,cpp,Accepted,0,3172,310,5/5
s541671571,p00553,u760711910,1561702488,C++,C++14,cpp,Accepted,0,3100,292,5/5
s113105434,p00553,u428730747,1560577146,C++,C++14,cpp,Accepted,0,3096,353,5/5
s128502889,p00553,u667681930,1560322555,C++,C++,cpp,Accepted,0,3096,311,5/5
s921458287,p00553,u991324031,1560259005,C++,C++,cpp,Accepted,0,3116,246,5/5
s477851278,p00553,u469023922,1560239791,C++,C++,cpp,Accepted,0,3076,311,5/5
s227835513,p00553,u263271905,1560239652,C++,C++,cpp,Accepted,0,3092,319,5/5
s086995052,p00553,u445421877,1560239578,C++,C++,cpp,Accepted,0,3116,493,5/5
s893737923,p00553,u083419613,1560239395,C++,C++,cpp,Accepted,0,3096,313,5/5
s304298394,p00553,u149716349,1560239281,C++,C++,cpp,Accepted,0,3116,315,5/5
s578445549,p00553,u627562958,1560239245,C++,C++,cpp,Accepted,0,3116,529,5/5
s005884293,p00553,u397633181,1560239229,C++,C++,cpp,Accepted,0,3092,470,5/5
s968835291,p00553,u332021134,1560239138,C++,C++,cpp,Accepted,0,3072,203,5/5
s352970998,p00553,u777425674,1560238654,C++,C++,cpp,Accepted,0,3116,270,5/5
s057628799,p00553,u542472721,1560238540,C++,C++,cpp,Accepted,0,3076,331,5/5
s671859714,p00553,u443253957,1560238471,C++,C++,cpp,Accepted,0,3116,292,5/5
s328332000,p00553,u082449222,1560238048,C++,C++,cpp,Accepted,0,3096,249,5/5
s472941915,p00553,u880827280,1560238035,C++,C++,cpp,Accepted,0,3092,266,5/5
s671028336,p00553,u518919564,1560237950,C++,C++,cpp,Accepted,0,3084,351,5/5
s373274936,p00553,u092287450,1560237363,C++,C++,cpp,Accepted,0,3076,157,5/5
s755776932,p00553,u880243023,1560237147,C++,C++,cpp,Accepted,0,3116,199,5/5
s743663201,p00553,u944371008,1557733007,C++,C++,cpp,Accepted,0,2704,302,5/5
s083641280,p00553,u214278145,1557686320,C++,C++,cpp,Accepted,0,3212,330,5/5
s800978451,p00553,u443673068,1557124700,C++,C++14,cpp,Accepted,0,3088,658,5/5
s919023054,p00553,u856952517,1555377681,C++,C++14,cpp,Accepted,0,3080,832,5/5
s451565836,p00553,u962186712,1554881565,C++,C++14,cpp,Accepted,0,3100,237,5/5
s206609436,p00553,u886694089,1553890532,C++,C++14,cpp,Accepted,0,3152,1912,5/5
s908245699,p00553,u861198832,1553864086,C++,C++,cpp,Accepted,0,3108,531,5/5
s100201144,p00553,u892419439,1553228678,C++,C++,cpp,Accepted,0,2752,299,5/5
s218960330,p00553,u682934091,1553060659,C++,C++,cpp,Accepted,0,3096,293,5/5
s148914941,p00553,u662769348,1552807729,C++,C++14,cpp,Accepted,0,3080,229,5/5
s259660097,p00553,u083053779,1552715671,C++,C++,cpp,Accepted,0,3104,222,5/5
s948007333,p00553,u231513854,1552440803,C++,C++,cpp,Accepted,0,3092,256,5/5
s976511829,p00553,u781622789,1552035798,C++,C++14,cpp,Accepted,0,3108,723,5/5
s848220718,p00553,u786211296,1550392338,C++,C++,cpp,Accepted,0,3064,200,5/5
s407675252,p00553,u578258337,1549608256,C++,C++11,cpp,Accepted,0,3212,1315,5/5
s584122273,p00553,u654285649,1548246295,C++,C++,cpp,Accepted,0,3084,177,5/5
s453993791,p00553,u122761040,1547886000,C++,C++14,cpp,Accepted,0,3092,227,5/5
s551552820,p00553,u197670577,1546705612,C++,C++,cpp,Accepted,0,3124,1421,5/5
s076272632,p00553,u641702731,1545045179,C++,C++,cpp,Accepted,0,3212,698,5/5
s120670358,p00553,u642752018,1544742805,C++,C++,cpp,Accepted,0,3092,309,5/5
s370778694,p00553,u182360222,1544508875,C++,C++,cpp,Accepted,0,3100,431,5/5
s358459187,p00553,u721764417,1544508353,C++,C++,cpp,Accepted,0,3096,401,5/5
s304574977,p00553,u864732357,1544508270,C++,C++,cpp,Accepted,0,3124,310,5/5
s619736949,p00553,u036867520,1544507992,C++,C++,cpp,Accepted,0,3104,304,5/5
s416386076,p00553,u962677292,1544507636,C++,C++,cpp,Accepted,0,3124,213,5/5
s020596826,p00553,u467070262,1544507182,C++,C++,cpp,Accepted,0,3096,273,5/5
s573547262,p00553,u697633992,1544426894,C++,C++11,cpp,Accepted,0,2712,322,5/5
s261488367,p00553,u513316879,1544288480,C++,C++,cpp,Accepted,0,3100,271,5/5
s035904943,p00553,u558461198,1544274439,C++,C++,cpp,Accepted,0,3096,399,5/5
s104134847,p00553,u419640943,1544182451,C++,C++,cpp,Accepted,0,3096,351,5/5
s151789673,p00553,u346403603,1544104846,C++,C++14,cpp,Accepted,0,3056,2292,5/5
s568311728,p00553,u033117704,1544094178,C++,C++,cpp,Accepted,0,3176,378,5/5
s327408017,p00553,u020666671,1543986709,C++,C++,cpp,Accepted,0,3124,229,5/5
s338979567,p00553,u080784442,1543477619,C++,C++14,cpp,Accepted,0,3096,219,5/5
s183784434,p00553,u517673306,1543476101,C++,C++14,cpp,Accepted,0,3088,228,5/5
s870920879,p00553,u017229511,1543475322,C++,C++14,cpp,Accepted,0,3084,251,5/5
s307103367,p00553,u164831846,1543217800,C++,C++,cpp,Accepted,0,3084,216,5/5
s113735495,p00553,u629398208,1543044613,C++,C++,cpp,Accepted,0,3116,288,5/5
s916617598,p00553,u075538591,1543019308,C++,C++,cpp,Accepted,0,3112,178,5/5
s122120212,p00553,u095273536,1543018974,C++,C++,cpp,Accepted,0,3112,370,5/5
s851609123,p00553,u547955176,1543018970,C++,C++,cpp,Accepted,0,3084,284,5/5
s759520295,p00553,u585536969,1543018538,C++,C++,cpp,Accepted,0,3112,347,5/5
s732798429,p00553,u905313459,1542951481,C++,C++14,cpp,Accepted,0,3088,537,5/5
s111825482,p00553,u185911390,1542937601,C++,C++,cpp,Accepted,0,3104,222,5/5
s279722939,p00553,u603643258,1542936936,C++,C++,cpp,Accepted,0,3088,242,5/5
s478739825,p00553,u048679194,1542874244,C++,C++,cpp,Accepted,0,3068,209,5/5
s258700423,p00553,u681034862,1542527834,C++,C++,cpp,Accepted,0,3072,246,5/5
s790075924,p00553,u033354666,1542272340,C++,C++,cpp,Accepted,0,3088,392,5/5
s749516383,p00553,u640442498,1542116955,C++,C++14,cpp,Accepted,0,3120,197,5/5
s422178614,p00553,u518229798,1541813536,C++,C++,cpp,Accepted,0,3160,280,5/5
s670200550,p00553,u145151732,1541740684,C++,C++,cpp,Accepted,0,3092,292,5/5
s124687219,p00553,u938437685,1541548142,C++,C++14,cpp,Accepted,0,3124,576,5/5
s149352826,p00553,u835414158,1539246529,C++,C++11,cpp,Accepted,0,3172,11949,5/5
s049377887,p00553,u923905561,1539211440,C++,C++,cpp,Accepted,0,3108,185,5/5
s616075510,p00553,u066662992,1539091726,C++,C++,cpp,Accepted,0,3096,230,5/5
s128368142,p00553,u817845253,1538962635,C++,C++14,cpp,Accepted,0,3008,310,5/5
s179534464,p00553,u030832736,1538731882,C++,C++,cpp,Accepted,0,3208,264,5/5
s235307605,p00553,u702100533,1538321837,C++,C++14,cpp,Accepted,0,3232,313,5/5
s557587905,p00553,u707809604,1537686352,C++,C++,cpp,Accepted,0,3096,412,5/5
s068418289,p00553,u850661138,1537240966,C++,C++,cpp,Accepted,0,3104,301,5/5
s739744503,p00553,u122897891,1533638261,C++,C++14,cpp,Accepted,0,3096,346,5/5
s988819027,p00553,u849721539,1533434714,C++,C++,cpp,Accepted,0,3104,240,5/5
s594888709,p00553,u388552965,1533104605,C++,C++14,cpp,Accepted,0,3092,363,5/5
s745215097,p00553,u529013669,1532711056,C++,C++,cpp,Accepted,0,3104,300,5/5
s109934483,p00553,u706497175,1527758457,C++,C++,cpp,Accepted,0,3100,363,5/5
s021618178,p00553,u049430348,1525012374,C++,C++14,cpp,Accepted,0,3096,265,5/5
s728375425,p00553,u519311482,1523951873,C++,C++,cpp,Accepted,0,3100,248,5/5
s843312548,p00553,u917273812,1516549090,C++,C++14,cpp,Accepted,0,3080,254,5/5
s521385287,p00553,u171377572,1506889432,C++,C++14,cpp,Accepted,0,3088,264,5/5
s153296895,p00553,u870240012,1482732957,C++,C++,cpp,Accepted,0,2720,266,5/5
s167761871,p00553,u288689445,1482145191,C++,C++,cpp,Accepted,0,3108,155,5/5
s291371989,p00553,u301727652,1493443752,D,D,d,Accepted,0,2468,369,5/5
s679490837,p00553,u165388319,1482308030,Ruby,Ruby,rb,Runtime Error,0,0,74,0/5
s915497327,p00553,u165388319,1482308070,Ruby,Ruby,rb,Runtime Error,0,0,74,0/5
s894141455,p00553,u165388319,1482308241,Ruby,Ruby,rb,Accepted,40,8608,109,5/5
s326758443,p00553,u988213374,1488979056,Ruby,Ruby,rb,Accepted,40,8568,146,5/5
s281501972,p00553,u392015442,1496845699,Ruby,Ruby,rb,Accepted,30,8516,87,5/5
s399979054,p00553,u797180951,1526216287,Ruby,Ruby,rb,Accepted,50,6868,103,5/5
s531968375,p00553,u098398294,1590590124,Ruby,Ruby,rb,Accepted,40,6868,202,5/5
s367047503,p00553,u706988670,1580005655,Ruby,Ruby,rb,Accepted,40,6880,282,5/5
s593174221,p00553,u247371045,1553415379,Ruby,Ruby,rb,Accepted,50,6868,162,5/5
s898348649,p00553,u352394527,1531069361,Python,Python3,py,Accepted,20,5604,114,5/5
s052221763,p00553,u011621222,1531469663,Python,Python3,py,Accepted,20,5588,205,5/5
s893764369,p00553,u126478680,1545891162,Python,Python3,py,Accepted,20,5608,184,5/5
s081691355,p00553,u814278309,1559284881,Python,Python3,py,Runtime Error,0,0,183,0/5
s657139622,p00553,u814278309,1559285040,Python,Python3,py,Runtime Error,0,0,205,0/5
s483342501,p00553,u814278309,1559382040,Python,Python3,py,Runtime Error,0,0,183,0/5
s787780051,p00553,u814278309,1559382492,Python,Python3,py,Runtime Error,0,0,220,0/5
s945909442,p00553,u814278309,1559382767,Python,Python3,py,Runtime Error,0,0,221,0/5
s682434241,p00553,u814278309,1559383997,Python,Python3,py,Accepted,20,5592,139,5/5
s617815369,p00553,u301729341,1482137846,Python,Python3,py,Accepted,30,7584,404,5/5
s989980052,p00553,u078042885,1482260304,Python,Python3,py,Accepted,20,7672,153,5/5
s934947799,p00553,u546285759,1483928391,Python,Python3,py,Accepted,20,7704,255,5/5
s927570878,p00553,u584110575,1484021416,Python,Python3,py,Runtime Error,0,0,168,0/5
s024593568,p00553,u584110575,1484021523,Python,Python3,py,Accepted,30,7656,134,5/5
s924253404,p00553,u220324665,1484391319,Python,Python3,py,Accepted,39900,7712,149,5/5
s519429963,p00553,u220324665,1484391624,Python,Python3,py,Runtime Error,40000,7416,149,0/5
s311123586,p00553,u220324665,1484391845,Python,Python3,py,Runtime Error,40000,7264,149,0/5
s159956843,p00553,u220324665,1484391966,Python,Python3,py,Runtime Error,40000,7420,149,0/5
s079592596,p00553,u220324665,1484392084,Python,Python3,py,Runtime Error,40000,7356,150,0/5
s642100078,p00553,u220324665,1484392187,Python,Python3,py,Runtime Error,40000,7336,150,0/5
s846738214,p00553,u078042885,1484393560,Python,Python3,py,Accepted,30,7728,97,5/5
s796514135,p00553,u078042885,1484923598,Python,Python3,py,Accepted,20,7724,80,5/5
s547041856,p00553,u450407555,1485513454,Python,Python,py,Accepted,10,6420,155,5/5
s132879279,p00553,u116766943,1497007524,Python,Python3,py,Accepted,30,7656,256,5/5
s698498716,p00553,u503263570,1501160730,Python,Python3,py,Runtime Error,0,0,351,0/5
s961837835,p00553,u503263570,1501160906,Python,Python3,py,Accepted,20,7716,90,5/5
s832006290,p00553,u724963150,1507037601,Python,Python3,py,Accepted,20,7752,100,5/5
s982522954,p00553,u889593139,1510218896,Python,Python3,py,Accepted,40,7696,320,5/5
s100325617,p00553,u260980560,1512762859,Python,Python3,py,Accepted,20,5592,156,5/5
s072355642,p00553,u724548524,1525712312,Python,Python3,py,Accepted,20,5592,212,5/5
s526559822,p00553,u777277984,1527637894,Python,Python3,py,Accepted,20,5612,592,5/5
s180759463,p00553,u327546577,1528204172,Python,Python3,py,Wrong Answer,20,5592,155,0/5
s086554940,p00553,u327546577,1528204212,Python,Python3,py,Accepted,20,5588,163,5/5
s462814224,p00553,u847467233,1530523829,Python,Python3,py,Accepted,30,5604,221,5/5
s583265598,p00553,u779523319,1596700322,Python,Python3,py,Accepted,20,5604,117,5/5
s202818913,p00553,u476408985,1596347055,Python,Python3,py,Accepted,20,5588,299,5/5
s919332770,p00553,u729823147,1596101001,Python,Python3,py,Accepted,20,5588,190,5/5
s975577912,p00553,u854654878,1595730241,Python,Python3,py,Accepted,20,5600,202,5/5
s319830239,p00553,u286298310,1594725273,Python,Python3,py,Accepted,20,5600,187,5/5
s019727566,p00553,u766775971,1594643320,Python,Python3,py,Accepted,20,5604,171,5/5
s369487318,p00553,u141099640,1593997365,Python,Python3,py,Accepted,20,5600,122,5/5
s472356262,p00553,u242592831,1592265043,Python,Python3,py,Accepted,20,5592,160,5/5
s208676020,p00553,u548184870,1591243820,Python,Python3,py,Accepted,20,5600,151,5/5
s360929290,p00553,u108112600,1589292359,Python,Python3,py,Accepted,20,5604,236,5/5
s106147558,p00553,u842461513,1588418467,Python,Python3,py,Accepted,20,5600,362,5/5
s417788676,p00553,u374434600,1586712809,Python,Python3,py,Accepted,30,5652,281,5/5
s711385146,p00553,u837859297,1584276082,Python,Python3,py,Accepted,30,5592,465,5/5
s150748200,p00553,u773266448,1581210162,Python,Python3,py,Accepted,20,5608,140,5/5
s069613726,p00553,u813197825,1580748699,Python,Python3,py,Accepted,20,5604,131,5/5
s723797615,p00553,u853741520,1578298295,Python,Python3,py,Accepted,20,5592,191,5/5
s273936192,p00553,u519063141,1575529561,Python,Python3,py,Accepted,20,5588,164,5/5
s927561980,p00553,u726971073,1575245889,Python,Python3,py,Accepted,20,5604,147,5/5
s848489223,p00553,u492405338,1574694516,Python,Python3,py,Accepted,20,5604,152,5/5
s224597043,p00553,u297517978,1573217891,Python,Python3,py,Accepted,20,5588,135,5/5
s813172829,p00553,u829695570,1572854036,Python,Python3,py,Accepted,20,5592,143,5/5
s187156794,p00553,u455738654,1571826263,Python,Python3,py,Accepted,20,5592,220,5/5
s469023459,p00553,u811733736,1571560212,Python,Python3,py,Accepted,20,5616,589,5/5
s796746186,p00553,u447421429,1570168458,Python,Python3,py,Accepted,20,5592,130,5/5
s654526966,p00553,u760067899,1569154141,Python,Python3,py,Accepted,20,5588,158,5/5
s137537690,p00553,u089486079,1563955236,Python,Python3,py,Accepted,20,5588,289,5/5
s620308775,p00553,u733794507,1562633558,Python,Python3,py,Accepted,20,5588,187,5/5
s777580584,p00553,u990228206,1553832820,Python,Python3,py,Accepted,20,5596,110,5/5
s867997690,p00553,u436437930,1550584564,Python,Python3,py,Accepted,20,5592,105,5/5
s258852844,p00553,u205574338,1546690690,Python,Python3,py,Accepted,30,5592,113,5/5
s898617435,p00553,u717526540,1543798083,Python,Python3,py,Accepted,20,5592,199,5/5
s224589918,p00553,u178887942,1543483486,Python,Python3,py,Accepted,20,5592,143,5/5
s548519619,p00553,u316584871,1541651215,Python,Python3,py,Accepted,30,5600,215,5/5
s667440098,p00553,u849721539,1533434743,Python,Python3,py,Accepted,20,5600,218,5/5
s082900463,p00553,u676220309,1579363602,Go,Go,go,Accepted,0,1120,737,5/5
